{
  "03 - Account Overview" : {
    "transaction" : "03 - Account Overview",
    "sampleCount" : 45,
    "errorCount" : 20,
    "errorPct" : 44.444443,
    "meanResTime" : 195.33333333333343,
    "medianResTime" : 285.0,
    "minResTime" : 56.0,
    "maxResTime" : 332.0,
    "pct1ResTime" : 319.4,
    "pct2ResTime" : 329.09999999999997,
    "pct3ResTime" : 332.0,
    "throughput" : 0.5745658835546475,
    "receivedKBytesPerSec" : 2.048511914262002,
    "sentKBytesPerSec" : 0.11791817623212462
  },
  "05 - Logout-0" : {
    "transaction" : "05 - Logout-0",
    "sampleCount" : 22,
    "errorCount" : 0,
    "errorPct" : 0.0,
    "meanResTime" : 216.09090909090904,
    "medianResTime" : 216.5,
    "minResTime" : 208.0,
    "maxResTime" : 223.0,
    "pct1ResTime" : 220.7,
    "pct2ResTime" : 222.7,
    "pct3ResTime" : 223.0,
    "throughput" : 0.5272239263803681,
    "receivedKBytesPerSec" : 0.20234277643309048,
    "sentKBytesPerSec" : 0.08649767542177914
  },
  "05 - Logout-1" : {
    "transaction" : "05 - Logout-1",
    "sampleCount" : 22,
    "errorCount" : 0,
    "errorPct" : 0.0,
    "meanResTime" : 227.50000000000003,
    "medianResTime" : 222.0,
    "minResTime" : 214.0,
    "maxResTime" : 313.0,
    "pct1ResTime" : 240.0,
    "pct2ResTime" : 302.49999999999983,
    "pct3ResTime" : 313.0,
    "throughput" : 0.5268325390933691,
    "receivedKBytesPerSec" : 2.3674022740606815,
    "sentKBytesPerSec" : 0.09312176716396466
  },
  "01 - Home Page" : {
    "transaction" : "01 - Home Page",
    "sampleCount" : 45,
    "errorCount" : 16,
    "errorPct" : 35.555557,
    "meanResTime" : 250.88888888888894,
    "medianResTime" : 222.0,
    "minResTime" : 57.0,
    "maxResTime" : 1131.0,
    "pct1ResTime" : 497.1999999999996,
    "pct2ResTime" : 699.9999999999998,
    "pct3ResTime" : 1131.0,
    "throughput" : 0.5720023896988725,
    "receivedKBytesPerSec" : 2.3184468387334594,
    "sentKBytesPerSec" : 0.06367995354069479
  },
  "05 - Logout" : {
    "transaction" : "05 - Logout",
    "sampleCount" : 45,
    "errorCount" : 23,
    "errorPct" : 51.11111,
    "meanResTime" : 247.95555555555555,
    "medianResTime" : 71.0,
    "minResTime" : 57.0,
    "maxResTime" : 531.0,
    "pct1ResTime" : 448.2,
    "pct2ResTime" : 456.29999999999995,
    "pct3ResTime" : 531.0,
    "throughput" : 0.5716681275963261,
    "receivedKBytesPerSec" : 1.497837486661077,
    "sentKBytesPerSec" : 0.13266968221603975
  },
  "02 - Login" : {
    "transaction" : "02 - Login",
    "sampleCount" : 45,
    "errorCount" : 17,
    "errorPct" : 37.77778,
    "meanResTime" : 399.6444444444444,
    "medianResTime" : 576.0,
    "minResTime" : 56.0,
    "maxResTime" : 680.0,
    "pct1ResTime" : 621.4,
    "pct2ResTime" : 639.5999999999999,
    "pct3ResTime" : 680.0,
    "throughput" : 0.5780940880244598,
    "receivedKBytesPerSec" : 2.385353203444156,
    "sentKBytesPerSec" : 0.2532799814046402
  },
  "Total" : {
    "transaction" : "Total",
    "sampleCount" : 327,
    "errorCount" : 98,
    "errorPct" : 29.96942,
    "meanResTime" : 258.9724770642201,
    "medianResTime" : 284.0,
    "minResTime" : 56.0,
    "maxResTime" : 1131.0,
    "pct1ResTime" : 537.1999999999996,
    "pct2ResTime" : 590.5999999999999,
    "pct3ResTime" : 677.7599999999998,
    "throughput" : 3.7342408185638587,
    "receivedKBytesPerSec" : 12.94303293226407,
    "sentKBytesPerSec" : 0.9000259976532523
  },
  "04 - Transfer Funds" : {
    "transaction" : "04 - Transfer Funds",
    "sampleCount" : 45,
    "errorCount" : 21,
    "errorPct" : 46.666668,
    "meanResTime" : 193.91111111111107,
    "medianResTime" : 287.0,
    "minResTime" : 57.0,
    "maxResTime" : 365.0,
    "pct1ResTime" : 323.2,
    "pct2ResTime" : 337.5999999999999,
    "pct3ResTime" : 365.0,
    "throughput" : 0.5752489549643984,
    "receivedKBytesPerSec" : 2.5741267201541667,
    "sentKBytesPerSec" : 0.14670845743796898
  },
  "02 - Login-1" : {
    "transaction" : "02 - Login-1",
    "sampleCount" : 29,
    "errorCount" : 1,
    "errorPct" : 3.4482758,
    "meanResTime" : 290.10344827586215,
    "medianResTime" : 293.0,
    "minResTime" : 59.0,
    "maxResTime" : 346.0,
    "pct1ResTime" : 324.0,
    "pct2ResTime" : 337.0,
    "pct3ResTime" : 346.0,
    "throughput" : 0.6020219634219759,
    "receivedKBytesPerSec" : 3.525728978534803,
    "sentKBytesPerSec" : 0.1281648320566316
  },
  "02 - Login-0" : {
    "transaction" : "02 - Login-0",
    "sampleCount" : 29,
    "errorCount" : 0,
    "errorPct" : 0.0,
    "meanResTime" : 295.3103448275862,
    "medianResTime" : 289.0,
    "minResTime" : 278.0,
    "maxResTime" : 371.0,
    "pct1ResTime" : 314.0,
    "pct2ResTime" : 345.5,
    "pct3ResTime" : 371.0,
    "throughput" : 0.598913694471407,
    "receivedKBytesPerSec" : 0.1748781197724128,
    "sentKBytesPerSec" : 0.19125466610561534
  }
}