{
  "05 - Logout-0" : {
    "transaction" : "05 - Logout-0",
    "sampleCount" : 30,
    "errorCount" : 0,
    "errorPct" : 0.0,
    "meanResTime" : 607.0666666666668,
    "medianResTime" : 528.5,
    "minResTime" : 257.0,
    "maxResTime" : 1304.0,
    "pct1ResTime" : 998.6000000000001,
    "pct2ResTime" : 1167.6,
    "pct3ResTime" : 1304.0,
    "throughput" : 0.3880280414931319,
    "receivedKBytesPerSec" : 0.1489209182683602,
    "sentKBytesPerSec" : 0.06366085055746695
  },
  "05 - Logout-1" : {
    "transaction" : "05 - Logout-1",
    "sampleCount" : 30,
    "errorCount" : 0,
    "errorPct" : 0.0,
    "meanResTime" : 601.5,
    "medianResTime" : 572.5,
    "minResTime" : 223.0,
    "maxResTime" : 1107.0,
    "pct1ResTime" : 960.0000000000002,
    "pct2ResTime" : 1052.0,
    "pct3ResTime" : 1107.0,
    "throughput" : 0.3924287414810261,
    "receivedKBytesPerSec" : 1.7633744620456002,
    "sentKBytesPerSec" : 0.06936484590631417
  },
  "01 - Home Page" : {
    "transaction" : "01 - Home Page",
    "sampleCount" : 30,
    "errorCount" : 0,
    "errorPct" : 0.0,
    "meanResTime" : 863.5333333333332,
    "medianResTime" : 594.5,
    "minResTime" : 320.0,
    "maxResTime" : 2076.0,
    "pct1ResTime" : 1918.0,
    "pct2ResTime" : 2017.1499999999999,
    "pct3ResTime" : 2076.0,
    "throughput" : 0.3830781607140577,
    "receivedKBytesPerSec" : 2.3119989058330033,
    "sentKBytesPerSec" : 0.0426473733607447
  },
  "05 - Logout" : {
    "transaction" : "05 - Logout",
    "sampleCount" : 30,
    "errorCount" : 0,
    "errorPct" : 0.0,
    "meanResTime" : 1209.4333333333334,
    "medianResTime" : 1170.5,
    "minResTime" : 481.0,
    "maxResTime" : 2275.0,
    "pct1ResTime" : 1941.7000000000003,
    "pct2ResTime" : 2213.4,
    "pct3ResTime" : 2275.0,
    "throughput" : 0.3858421648317728,
    "receivedKBytesPerSec" : 1.8818597511961108,
    "sentKBytesPerSec" : 0.13150284719364133
  },
  "02 - Login" : {
    "transaction" : "02 - Login",
    "sampleCount" : 30,
    "errorCount" : 0,
    "errorPct" : 0.0,
    "meanResTime" : 1403.1333333333334,
    "medianResTime" : 1235.5,
    "minResTime" : 659.0,
    "maxResTime" : 2485.0,
    "pct1ResTime" : 2344.4,
    "pct2ResTime" : 2419.5499999999997,
    "pct3ResTime" : 2485.0,
    "throughput" : 0.3822776100003823,
    "receivedKBytesPerSec" : 2.424015854167463,
    "sentKBytesPerSec" : 0.16761977235368325
  },
  "Total" : {
    "transaction" : "Total",
    "sampleCount" : 210,
    "errorCount" : 0,
    "errorPct" : 0.0,
    "meanResTime" : 869.6000000000001,
    "medianResTime" : 722.5,
    "minResTime" : 223.0,
    "maxResTime" : 2485.0,
    "pct1ResTime" : 1514.4,
    "pct2ResTime" : 1897.1499999999994,
    "pct3ResTime" : 2364.5699999999997,
    "throughput" : 2.4468394989804834,
    "receivedKBytesPerSec" : 9.952289815758812,
    "sentKBytesPerSec" : 0.5837186862802214
  },
  "02 - Login-1" : {
    "transaction" : "02 - Login-1",
    "sampleCount" : 30,
    "errorCount" : 0,
    "errorPct" : 0.0,
    "meanResTime" : 707.9,
    "medianResTime" : 664.5,
    "minResTime" : 319.0,
    "maxResTime" : 1500.0,
    "pct1ResTime" : 1173.8000000000002,
    "pct2ResTime" : 1404.85,
    "pct3ResTime" : 1500.0,
    "throughput" : 0.3871417325883006,
    "receivedKBytesPerSec" : 2.3418168117910465,
    "sentKBytesPerSec" : 0.06427157669922959
  },
  "02 - Login-0" : {
    "transaction" : "02 - Login-0",
    "sampleCount" : 30,
    "errorCount" : 0,
    "errorPct" : 0.0,
    "meanResTime" : 694.6333333333332,
    "medianResTime" : 646.5,
    "minResTime" : 340.0,
    "maxResTime" : 1304.0,
    "pct1ResTime" : 1021.2,
    "pct2ResTime" : 1218.75,
    "pct3ResTime" : 1304.0,
    "throughput" : 0.38595137012736397,
    "receivedKBytesPerSec" : 0.11269478483211115,
    "sentKBytesPerSec" : 0.10515667213431107
  }
}