{
  "05 - Logout-0" : {
    "transaction" : "05 - Logout-0",
    "sampleCount" : 67,
    "errorCount" : 0,
    "errorPct" : 0.0,
    "meanResTime" : 226.89552238805965,
    "medianResTime" : 205.0,
    "minResTime" : 195.0,
    "maxResTime" : 501.0,
    "pct1ResTime" : 290.00000000000006,
    "pct2ResTime" : 380.7999999999995,
    "pct3ResTime" : 501.0,
    "throughput" : 0.9125081717149706,
    "receivedKBytesPerSec" : 0.35021065574607757,
    "sentKBytesPerSec" : 0.14970837192198735
  },
  "05 - Logout-1" : {
    "transaction" : "05 - Logout-1",
    "sampleCount" : 67,
    "errorCount" : 2,
    "errorPct" : 2.9850745,
    "meanResTime" : 218.80597014925368,
    "medianResTime" : 209.0,
    "minResTime" : 45.0,
    "maxResTime" : 375.0,
    "pct1ResTime" : 273.0,
    "pct2ResTime" : 347.39999999999986,
    "pct3ResTime" : 375.0,
    "throughput" : 0.9123714849867229,
    "receivedKBytesPerSec" : 3.99021562436168,
    "sentKBytesPerSec" : 0.16126878787362975
  },
  "01 - Home Page" : {
    "transaction" : "01 - Home Page",
    "sampleCount" : 150,
    "errorCount" : 71,
    "errorPct" : 47.333332,
    "meanResTime" : 202.37999999999985,
    "medianResTime" : 204.5,
    "minResTime" : 43.0,
    "maxResTime" : 1085.0,
    "pct1ResTime" : 357.6,
    "pct2ResTime" : 465.1999999999998,
    "pct3ResTime" : 958.0100000000023,
    "throughput" : 2.019712392955243,
    "receivedKBytesPerSec" : 6.860408103927667,
    "sentKBytesPerSec" : 0.22485079374697042
  },
  "05 - Logout" : {
    "transaction" : "05 - Logout",
    "sampleCount" : 150,
    "errorCount" : 85,
    "errorPct" : 56.666668,
    "meanResTime" : 237.85333333333315,
    "medianResTime" : 124.0,
    "minResTime" : 42.0,
    "maxResTime" : 708.0,
    "pct1ResTime" : 487.70000000000016,
    "pct2ResTime" : 544.9499999999998,
    "pct3ResTime" : 684.0300000000004,
    "throughput" : 2.037102425509955,
    "receivedKBytesPerSec" : 4.848210936014612,
    "sentKBytesPerSec" : 0.4451387096993237
  },
  "02 - Login" : {
    "transaction" : "02 - Login",
    "sampleCount" : 150,
    "errorCount" : 80,
    "errorPct" : 53.333332,
    "meanResTime" : 330.43999999999994,
    "medianResTime" : 166.5,
    "minResTime" : 43.0,
    "maxResTime" : 912.0,
    "pct1ResTime" : 678.3000000000001,
    "pct2ResTime" : 833.5499999999997,
    "pct3ResTime" : 910.47,
    "throughput" : 2.061458963223572,
    "receivedKBytesPerSec" : 6.619041417287395,
    "sentKBytesPerSec" : 0.6777180551165412
  },
  "Total" : {
    "transaction" : "Total",
    "sampleCount" : 730,
    "errorCount" : 241,
    "errorPct" : 33.0137,
    "meanResTime" : 260.65890410958906,
    "medianResTime" : 222.0,
    "minResTime" : 42.0,
    "maxResTime" : 1085.0,
    "pct1ResTime" : 553.8,
    "pct2ResTime" : 599.2499999999997,
    "pct3ResTime" : 850.2099999999995,
    "throughput" : 9.229174304967318,
    "receivedKBytesPerSec" : 26.714047012686954,
    "sentKBytesPerSec" : 1.9423466005347865
  },
  "02 - Login-1" : {
    "transaction" : "02 - Login-1",
    "sampleCount" : 73,
    "errorCount" : 3,
    "errorPct" : 4.109589,
    "meanResTime" : 310.73972602739735,
    "medianResTime" : 284.0,
    "minResTime" : 43.0,
    "maxResTime" : 585.0,
    "pct1ResTime" : 448.00000000000017,
    "pct2ResTime" : 542.8,
    "pct3ResTime" : 585.0,
    "throughput" : 1.0073550719637903,
    "receivedKBytesPerSec" : 5.862258855755034,
    "sentKBytesPerSec" : 0.16723668186898866
  },
  "02 - Login-0" : {
    "transaction" : "02 - Login-0",
    "sampleCount" : 73,
    "errorCount" : 0,
    "errorPct" : 0.0,
    "meanResTime" : 303.2054794520549,
    "medianResTime" : 282.0,
    "minResTime" : 264.0,
    "maxResTime" : 564.0,
    "pct1ResTime" : 354.4000000000001,
    "pct2ResTime" : 439.09999999999974,
    "pct3ResTime" : 564.0,
    "throughput" : 1.0071743929359824,
    "receivedKBytesPerSec" : 0.29408705418736203,
    "sentKBytesPerSec" : 0.2744156793253311
  }
}