{
  "03 - Account Overview" : {
    "transaction" : "03 - Account Overview",
    "sampleCount" : 60,
    "errorCount" : 60,
    "errorPct" : 100.0,
    "meanResTime" : 70.58333333333333,
    "medianResTime" : 59.0,
    "minResTime" : 56.0,
    "maxResTime" : 464.0,
    "pct1ResTime" : 67.8,
    "pct2ResTime" : 113.85,
    "pct3ResTime" : 464.0,
    "throughput" : 0.7355194606190623,
    "receivedKBytesPerSec" : 0.33893273061599755,
    "sentKBytesPerSec" : 0.1264174072939013
  },
  "01 - Home Page" : {
    "transaction" : "01 - Home Page",
    "sampleCount" : 60,
    "errorCount" : 60,
    "errorPct" : 100.0,
    "meanResTime" : 130.96666666666667,
    "medianResTime" : 62.5,
    "minResTime" : 56.0,
    "maxResTime" : 605.0,
    "pct1ResTime" : 208.9,
    "pct2ResTime" : 527.4499999999994,
    "pct3ResTime" : 605.0,
    "throughput" : 0.7230483719360825,
    "receivedKBytesPerSec" : 0.3332094987467162,
    "sentKBytesPerSec" : 0.08049561953194669
  },
  "05 - Logout" : {
    "transaction" : "05 - Logout",
    "sampleCount" : 60,
    "errorCount" : 60,
    "errorPct" : 100.0,
    "meanResTime" : 75.2,
    "medianResTime" : 60.0,
    "minResTime" : 56.0,
    "maxResTime" : 713.0,
    "pct1ResTime" : 66.8,
    "pct2ResTime" : 153.5999999999998,
    "pct3ResTime" : 713.0,
    "throughput" : 0.7313862206836024,
    "receivedKBytesPerSec" : 0.3369685831525184,
    "sentKBytesPerSec" : 0.08213810095567799
  },
  "02 - Login" : {
    "transaction" : "02 - Login",
    "sampleCount" : 60,
    "errorCount" : 60,
    "errorPct" : 100.0,
    "meanResTime" : 60.300000000000004,
    "medianResTime" : 59.5,
    "minResTime" : 56.0,
    "maxResTime" : 72.0,
    "pct1ResTime" : 65.0,
    "pct2ResTime" : 67.89999999999999,
    "pct3ResTime" : 72.0,
    "throughput" : 0.7401285356556921,
    "receivedKBytesPerSec" : 0.3410566260007155,
    "sentKBytesPerSec" : 0.19804220582974577
  },
  "Total" : {
    "transaction" : "Total",
    "sampleCount" : 300,
    "errorCount" : 300,
    "errorPct" : 100.0,
    "meanResTime" : 82.66333333333334,
    "medianResTime" : 60.0,
    "minResTime" : 56.0,
    "maxResTime" : 713.0,
    "pct1ResTime" : 114.90000000000003,
    "pct2ResTime" : 199.79999999999995,
    "pct3ResTime" : 590.7000000000003,
    "throughput" : 3.3100526298368145,
    "receivedKBytesPerSec" : 1.5252532879856124,
    "sentKBytesPerSec" : 0.5857241567640926
  },
  "04 - Transfer Funds" : {
    "transaction" : "04 - Transfer Funds",
    "sampleCount" : 60,
    "errorCount" : 60,
    "errorPct" : 100.0,
    "meanResTime" : 76.26666666666667,
    "medianResTime" : 60.0,
    "minResTime" : 57.0,
    "maxResTime" : 591.0,
    "pct1ResTime" : 82.6,
    "pct2ResTime" : 181.49999999999972,
    "pct3ResTime" : 591.0,
    "throughput" : 0.7309674354007529,
    "receivedKBytesPerSec" : 0.33682322694711453,
    "sentKBytesPerSec" : 0.16204063265231533
  }
}